text,category
journal about my future,PERSONAL_GROWTH
journal about my future today,PERSONAL_GROWTH
journal about my future this evening,PERSONAL_GROWTH
journal about my future before work,PERSONAL_GROWTH
journal about my future after lunch,PERSONAL_GROWTH
journal about my future for 20 minutes,PERSONAL_GROWTH
journal about my future for one hour,PERSONAL_GROWTH
journal about my future this week,PERSONAL_GROWTH
journal about my future tomorrow,PERSONAL_GROWTH
journal about my future in the morning,PERSONAL_GROWTH
practice confidence,PERSONAL_GROWTH
practice confidence today,PERSONAL_GROWTH
practice confidence this evening,PERSONAL_GROWTH
practice confidence before work,PERSONAL_GROWTH
practice confidence after lunch,PERSONAL_GROWTH
practice confidence for 20 minutes,PERSONAL_GROWTH
practice confidence for one hour,PERSONAL_GROWTH
practice confidence this week,PERSONAL_GROWTH
practice confidence tomorrow,PERSONAL_GROWTH
practice confidence in the morning,PERSONAL_GROWTH
work on communication skills,PERSONAL_GROWTH
work on communication skills today,PERSONAL_GROWTH
work on communication skills this evening,PERSONAL_GROWTH
work on communication skills before work,PERSONAL_GROWTH
work on communication skills after lunch,PERSONAL_GROWTH
work on communication skills for 20 minutes,PERSONAL_GROWTH
work on communication skills for one hour,PERSONAL_GROWTH
work on communication skills this week,PERSONAL_GROWTH
work on communication skills tomorrow,PERSONAL_GROWTH
work on communication skills in the morning,PERSONAL_GROWTH
reflect on this month,PERSONAL_GROWTH
reflect on this month today,PERSONAL_GROWTH
reflect on this month this evening,PERSONAL_GROWTH
reflect on this month before work,PERSONAL_GROWTH
reflect on this month after lunch,PERSONAL_GROWTH
reflect on this month for 20 minutes,PERSONAL_GROWTH
reflect on this month for one hour,PERSONAL_GROWTH
reflect on this month this week,PERSONAL_GROWTH
reflect on this month tomorrow,PERSONAL_GROWTH
reflect on this month in the morning,PERSONAL_GROWTH
build discipline,PERSONAL_GROWTH
build discipline today,PERSONAL_GROWTH
build discipline this evening,PERSONAL_GROWTH
build discipline before work,PERSONAL_GROWTH
build discipline after lunch,PERSONAL_GROWTH
build discipline for 20 minutes,PERSONAL_GROWTH
build discipline for one hour,PERSONAL_GROWTH
build discipline this week,PERSONAL_GROWTH
build discipline tomorrow,PERSONAL_GROWTH
build discipline in the morning,PERSONAL_GROWTH
write personal values,PERSONAL_GROWTH
write personal values today,PERSONAL_GROWTH
write personal values this evening,PERSONAL_GROWTH
write personal values before work,PERSONAL_GROWTH
write personal values after lunch,PERSONAL_GROWTH
write personal values for 20 minutes,PERSONAL_GROWTH
write personal values for one hour,PERSONAL_GROWTH
write personal values this week,PERSONAL_GROWTH
write personal values tomorrow,PERSONAL_GROWTH
write personal values in the morning,PERSONAL_GROWTH
review my goals,PERSONAL_GROWTH
review my goals today,PERSONAL_GROWTH
review my goals this evening,PERSONAL_GROWTH
review my goals before work,PERSONAL_GROWTH
review my goals after lunch,PERSONAL_GROWTH
review my goals for 20 minutes,PERSONAL_GROWTH
review my goals for one hour,PERSONAL_GROWTH
review my goals this week,PERSONAL_GROWTH
review my goals tomorrow,PERSONAL_GROWTH
review my goals in the morning,PERSONAL_GROWTH
practice self reflection,PERSONAL_GROWTH
practice self reflection today,PERSONAL_GROWTH
practice self reflection this evening,PERSONAL_GROWTH
practice self reflection before work,PERSONAL_GROWTH
practice self reflection after lunch,PERSONAL_GROWTH
practice self reflection for 20 minutes,PERSONAL_GROWTH
practice self reflection for one hour,PERSONAL_GROWTH
practice self reflection this week,PERSONAL_GROWTH
practice self reflection tomorrow,PERSONAL_GROWTH
practice self reflection in the morning,PERSONAL_GROWTH
learn to speak confidently,PERSONAL_GROWTH
learn to speak confidently today,PERSONAL_GROWTH
learn to speak confidently this evening,PERSONAL_GROWTH
learn to speak confidently before work,PERSONAL_GROWTH
learn to speak confidently after lunch,PERSONAL_GROWTH
learn to speak confidently for 20 minutes,PERSONAL_GROWTH
learn to speak confidently for one hour,PERSONAL_GROWTH
learn to speak confidently this week,PERSONAL_GROWTH
learn to speak confidently tomorrow,PERSONAL_GROWTH
learn to speak confidently in the morning,PERSONAL_GROWTH
work on my identity,PERSONAL_GROWTH
work on my identity today,PERSONAL_GROWTH
work on my identity this evening,PERSONAL_GROWTH
work on my identity before work,PERSONAL_GROWTH
work on my identity after lunch,PERSONAL_GROWTH
work on my identity for 20 minutes,PERSONAL_GROWTH
work on my identity for one hour,PERSONAL_GROWTH
work on my identity this week,PERSONAL_GROWTH
work on my identity tomorrow,PERSONAL_GROWTH
work on my identity in the morning,PERSONAL_GROWTH
call my parents,RELATIONSHIPS
call my parents today,RELATIONSHIPS
call my parents this evening,RELATIONSHIPS
call my parents before work,RELATIONSHIPS
call my parents after lunch,RELATIONSHIPS
call my parents for 20 minutes,RELATIONSHIPS
call my parents for one hour,RELATIONSHIPS
call my parents this week,RELATIONSHIPS
call my parents tomorrow,RELATIONSHIPS
call my parents in the morning,RELATIONSHIPS
meet college friends,RELATIONSHIPS
meet college friends today,RELATIONSHIPS
meet college friends this evening,RELATIONSHIPS
meet college friends before work,RELATIONSHIPS
meet college friends after lunch,RELATIONSHIPS
meet college friends for 20 minutes,RELATIONSHIPS
meet college friends for one hour,RELATIONSHIPS
meet college friends this week,RELATIONSHIPS
meet college friends tomorrow,RELATIONSHIPS
meet college friends in the morning,RELATIONSHIPS
message my friend,RELATIONSHIPS
message my friend today,RELATIONSHIPS
message my friend this evening,RELATIONSHIPS
message my friend before work,RELATIONSHIPS
message my friend after lunch,RELATIONSHIPS
message my friend for 20 minutes,RELATIONSHIPS
message my friend for one hour,RELATIONSHIPS
message my friend this week,RELATIONSHIPS
message my friend tomorrow,RELATIONSHIPS
message my friend in the morning,RELATIONSHIPS
spend time with family,RELATIONSHIPS
spend time with family today,RELATIONSHIPS
spend time with family this evening,RELATIONSHIPS
spend time with family before work,RELATIONSHIPS
spend time with family after lunch,RELATIONSHIPS
spend time with family for 20 minutes,RELATIONSHIPS
spend time with family for one hour,RELATIONSHIPS
spend time with family this week,RELATIONSHIPS
spend time with family tomorrow,RELATIONSHIPS
spend time with family in the morning,RELATIONSHIPS
play cricket with friends,RELATIONSHIPS
play cricket with friends today,RELATIONSHIPS
play cricket with friends this evening,RELATIONSHIPS
play cricket with friends before work,RELATIONSHIPS
play cricket with friends after lunch,RELATIONSHIPS
play cricket with friends for 20 minutes,RELATIONSHIPS
play cricket with friends for one hour,RELATIONSHIPS
play cricket with friends this week,RELATIONSHIPS
play cricket with friends tomorrow,RELATIONSHIPS
play cricket with friends in the morning,RELATIONSHIPS
visit my grandparents,RELATIONSHIPS
visit my grandparents today,RELATIONSHIPS
visit my grandparents this evening,RELATIONSHIPS
visit my grandparents before work,RELATIONSHIPS
visit my grandparents after lunch,RELATIONSHIPS
visit my grandparents for 20 minutes,RELATIONSHIPS
visit my grandparents for one hour,RELATIONSHIPS
visit my grandparents this week,RELATIONSHIPS
visit my grandparents tomorrow,RELATIONSHIPS
visit my grandparents in the morning,RELATIONSHIPS
have dinner with family,RELATIONSHIPS
have dinner with family today,RELATIONSHIPS
have dinner with family this evening,RELATIONSHIPS
have dinner with family before work,RELATIONSHIPS
have dinner with family after lunch,RELATIONSHIPS
have dinner with family for 20 minutes,RELATIONSHIPS
have dinner with family for one hour,RELATIONSHIPS
have dinner with family this week,RELATIONSHIPS
have dinner with family tomorrow,RELATIONSHIPS
have dinner with family in the morning,RELATIONSHIPS
reply to a close friend,RELATIONSHIPS
reply to a close friend today,RELATIONSHIPS
reply to a close friend this evening,RELATIONSHIPS
reply to a close friend before work,RELATIONSHIPS
reply to a close friend after lunch,RELATIONSHIPS
reply to a close friend for 20 minutes,RELATIONSHIPS
reply to a close friend for one hour,RELATIONSHIPS
reply to a close friend this week,RELATIONSHIPS
reply to a close friend tomorrow,RELATIONSHIPS
reply to a close friend in the morning,RELATIONSHIPS
plan a meetup,RELATIONSHIPS
plan a meetup today,RELATIONSHIPS
plan a meetup this evening,RELATIONSHIPS
plan a meetup before work,RELATIONSHIPS
plan a meetup after lunch,RELATIONSHIPS
plan a meetup for 20 minutes,RELATIONSHIPS
plan a meetup for one hour,RELATIONSHIPS
plan a meetup this week,RELATIONSHIPS
plan a meetup tomorrow,RELATIONSHIPS
plan a meetup in the morning,RELATIONSHIPS
help my sibling,RELATIONSHIPS
help my sibling today,RELATIONSHIPS
help my sibling this evening,RELATIONSHIPS
help my sibling before work,RELATIONSHIPS
help my sibling after lunch,RELATIONSHIPS
help my sibling for 20 minutes,RELATIONSHIPS
help my sibling for one hour,RELATIONSHIPS
help my sibling this week,RELATIONSHIPS
help my sibling tomorrow,RELATIONSHIPS
help my sibling in the morning,RELATIONSHIPS
practice drawing,CREATIVITY
practice drawing today,CREATIVITY
practice drawing this evening,CREATIVITY
practice drawing before work,CREATIVITY
practice drawing after lunch,CREATIVITY
practice drawing for 20 minutes,CREATIVITY
practice drawing for one hour,CREATIVITY
practice drawing this week,CREATIVITY
practice drawing tomorrow,CREATIVITY
practice drawing in the morning,CREATIVITY
write a story,CREATIVITY
write a story today,CREATIVITY
write a story this evening,CREATIVITY
write a story before work,CREATIVITY
write a story after lunch,CREATIVITY
write a story for 20 minutes,CREATIVITY
write a story for one hour,CREATIVITY
write a story this week,CREATIVITY
write a story tomorrow,CREATIVITY
write a story in the morning,CREATIVITY
learn guitar,CREATIVITY
learn guitar today,CREATIVITY
learn guitar this evening,CREATIVITY
learn guitar before work,CREATIVITY
learn guitar after lunch,CREATIVITY
learn guitar for 20 minutes,CREATIVITY
learn guitar for one hour,CREATIVITY
learn guitar this week,CREATIVITY
learn guitar tomorrow,CREATIVITY
learn guitar in the morning,CREATIVITY
edit a video,CREATIVITY
edit a video today,CREATIVITY
edit a video this evening,CREATIVITY
edit a video before work,CREATIVITY
edit a video after lunch,CREATIVITY
edit a video for 20 minutes,CREATIVITY
edit a video for one hour,CREATIVITY
edit a video this week,CREATIVITY
edit a video tomorrow,CREATIVITY
edit a video in the morning,CREATIVITY
design a poster,CREATIVITY
design a poster today,CREATIVITY
design a poster this evening,CREATIVITY
design a poster before work,CREATIVITY
design a poster after lunch,CREATIVITY
design a poster for 20 minutes,CREATIVITY
design a poster for one hour,CREATIVITY
design a poster this week,CREATIVITY
design a poster tomorrow,CREATIVITY
design a poster in the morning,CREATIVITY
sketch a portrait,CREATIVITY
sketch a portrait today,CREATIVITY
sketch a portrait this evening,CREATIVITY
sketch a portrait before work,CREATIVITY
sketch a portrait after lunch,CREATIVITY
sketch a portrait for 20 minutes,CREATIVITY
sketch a portrait for one hour,CREATIVITY
sketch a portrait this week,CREATIVITY
sketch a portrait tomorrow,CREATIVITY
sketch a portrait in the morning,CREATIVITY
compose music,CREATIVITY
compose music today,CREATIVITY
compose music this evening,CREATIVITY
compose music before work,CREATIVITY
compose music after lunch,CREATIVITY
compose music for 20 minutes,CREATIVITY
compose music for one hour,CREATIVITY
compose music this week,CREATIVITY
compose music tomorrow,CREATIVITY
compose music in the morning,CREATIVITY
practice photography,CREATIVITY
practice photography today,CREATIVITY
practice photography this evening,CREATIVITY
practice photography before work,CREATIVITY
practice photography after lunch,CREATIVITY
practice photography for 20 minutes,CREATIVITY
practice photography for one hour,CREATIVITY
practice photography this week,CREATIVITY
practice photography tomorrow,CREATIVITY
practice photography in the morning,CREATIVITY
paint for an hour,CREATIVITY
paint for an hour today,CREATIVITY
paint for an hour this evening,CREATIVITY
paint for an hour before work,CREATIVITY
paint for an hour after lunch,CREATIVITY
paint for an hour for 20 minutes,CREATIVITY
paint for an hour for one hour,CREATIVITY
paint for an hour this week,CREATIVITY
paint for an hour tomorrow,CREATIVITY
paint for an hour in the morning,CREATIVITY
work on animation,CREATIVITY
work on animation today,CREATIVITY
work on animation this evening,CREATIVITY
work on animation before work,CREATIVITY
work on animation after lunch,CREATIVITY
work on animation for 20 minutes,CREATIVITY
work on animation for one hour,CREATIVITY
work on animation this week,CREATIVITY
work on animation tomorrow,CREATIVITY
work on animation in the morning,CREATIVITY
go to the gym,HEALTH
go to the gym today,HEALTH
go to the gym this evening,HEALTH
go to the gym before work,HEALTH
go to the gym after lunch,HEALTH
go to the gym for 20 minutes,HEALTH
go to the gym for one hour,HEALTH
go to the gym this week,HEALTH
go to the gym tomorrow,HEALTH
go to the gym in the morning,HEALTH
drink water,HEALTH
drink water today,HEALTH
drink water this evening,HEALTH
drink water before work,HEALTH
drink water after lunch,HEALTH
drink water for 20 minutes,HEALTH
drink water for one hour,HEALTH
drink water this week,HEALTH
drink water tomorrow,HEALTH
drink water in the morning,HEALTH
eat fruits,HEALTH
eat fruits today,HEALTH
eat fruits this evening,HEALTH
eat fruits before work,HEALTH
eat fruits after lunch,HEALTH
eat fruits for 20 minutes,HEALTH
eat fruits for one hour,HEALTH
eat fruits this week,HEALTH
eat fruits tomorrow,HEALTH
eat fruits in the morning,HEALTH
walk five kilometers,HEALTH
walk five kilometers today,HEALTH
walk five kilometers this evening,HEALTH
walk five kilometers before work,HEALTH
walk five kilometers after lunch,HEALTH
walk five kilometers for 20 minutes,HEALTH
walk five kilometers for one hour,HEALTH
walk five kilometers this week,HEALTH
walk five kilometers tomorrow,HEALTH
walk five kilometers in the morning,HEALTH
prepare healthy lunch,HEALTH
prepare healthy lunch today,HEALTH
prepare healthy lunch this evening,HEALTH
prepare healthy lunch before work,HEALTH
prepare healthy lunch after lunch,HEALTH
prepare healthy lunch for 20 minutes,HEALTH
prepare healthy lunch for one hour,HEALTH
prepare healthy lunch this week,HEALTH
prepare healthy lunch tomorrow,HEALTH
prepare healthy lunch in the morning,HEALTH
do strength training,HEALTH
do strength training today,HEALTH
do strength training this evening,HEALTH
do strength training before work,HEALTH
do strength training after lunch,HEALTH
do strength training for 20 minutes,HEALTH
do strength training for one hour,HEALTH
do strength training this week,HEALTH
do strength training tomorrow,HEALTH
do strength training in the morning,HEALTH
take vitamins,HEALTH
take vitamins today,HEALTH
take vitamins this evening,HEALTH
take vitamins before work,HEALTH
take vitamins after lunch,HEALTH
take vitamins for 20 minutes,HEALTH
take vitamins for one hour,HEALTH
take vitamins this week,HEALTH
take vitamins tomorrow,HEALTH
take vitamins in the morning,HEALTH
cook a balanced meal,HEALTH
cook a balanced meal today,HEALTH
cook a balanced meal this evening,HEALTH
cook a balanced meal before work,HEALTH
cook a balanced meal after lunch,HEALTH
cook a balanced meal for 20 minutes,HEALTH
cook a balanced meal for one hour,HEALTH
cook a balanced meal this week,HEALTH
cook a balanced meal tomorrow,HEALTH
cook a balanced meal in the morning,HEALTH
go for a run,HEALTH
go for a run today,HEALTH
go for a run this evening,HEALTH
go for a run before work,HEALTH
go for a run after lunch,HEALTH
go for a run for 20 minutes,HEALTH
go for a run for one hour,HEALTH
go for a run this week,HEALTH
go for a run tomorrow,HEALTH
go for a run in the morning,HEALTH
stretch my body,HEALTH
stretch my body today,HEALTH
stretch my body this evening,HEALTH
stretch my body before work,HEALTH
stretch my body after lunch,HEALTH
stretch my body for 20 minutes,HEALTH
stretch my body for one hour,HEALTH
stretch my body this week,HEALTH
stretch my body tomorrow,HEALTH
stretch my body in the morning,HEALTH
meditate for ten minutes,MINDFULNESS
meditate for ten minutes today,MINDFULNESS
meditate for ten minutes this evening,MINDFULNESS
meditate for ten minutes before work,MINDFULNESS
meditate for ten minutes after lunch,MINDFULNESS
meditate for ten minutes for 20 minutes,MINDFULNESS
meditate for ten minutes for one hour,MINDFULNESS
meditate for ten minutes this week,MINDFULNESS
meditate for ten minutes tomorrow,MINDFULNESS
meditate for ten minutes in the morning,MINDFULNESS
breathing exercise,MINDFULNESS
breathing exercise today,MINDFULNESS
breathing exercise this evening,MINDFULNESS
breathing exercise before work,MINDFULNESS
breathing exercise after lunch,MINDFULNESS
breathing exercise for 20 minutes,MINDFULNESS
breathing exercise for one hour,MINDFULNESS
breathing exercise this week,MINDFULNESS
breathing exercise tomorrow,MINDFULNESS
breathing exercise in the morning,MINDFULNESS
sit quietly,MINDFULNESS
sit quietly today,MINDFULNESS
sit quietly this evening,MINDFULNESS
sit quietly before work,MINDFULNESS
sit quietly after lunch,MINDFULNESS
sit quietly for 20 minutes,MINDFULNESS
sit quietly for one hour,MINDFULNESS
sit quietly this week,MINDFULNESS
sit quietly tomorrow,MINDFULNESS
sit quietly in the morning,MINDFULNESS
practice gratitude,MINDFULNESS
practice gratitude today,MINDFULNESS
practice gratitude this evening,MINDFULNESS
practice gratitude before work,MINDFULNESS
practice gratitude after lunch,MINDFULNESS
practice gratitude for 20 minutes,MINDFULNESS
practice gratitude for one hour,MINDFULNESS
practice gratitude this week,MINDFULNESS
practice gratitude tomorrow,MINDFULNESS
practice gratitude in the morning,MINDFULNESS
reduce phone usage,MINDFULNESS
reduce phone usage today,MINDFULNESS
reduce phone usage this evening,MINDFULNESS
reduce phone usage before work,MINDFULNESS
reduce phone usage after lunch,MINDFULNESS
reduce phone usage for 20 minutes,MINDFULNESS
reduce phone usage for one hour,MINDFULNESS
reduce phone usage this week,MINDFULNESS
reduce phone usage tomorrow,MINDFULNESS
reduce phone usage in the morning,MINDFULNESS
do mindful breathing,MINDFULNESS
do mindful breathing today,MINDFULNESS
do mindful breathing this evening,MINDFULNESS
do mindful breathing before work,MINDFULNESS
do mindful breathing after lunch,MINDFULNESS
do mindful breathing for 20 minutes,MINDFULNESS
do mindful breathing for one hour,MINDFULNESS
do mindful breathing this week,MINDFULNESS
do mindful breathing tomorrow,MINDFULNESS
do mindful breathing in the morning,MINDFULNESS
take a calm walk,MINDFULNESS
take a calm walk today,MINDFULNESS
take a calm walk this evening,MINDFULNESS
take a calm walk before work,MINDFULNESS
take a calm walk after lunch,MINDFULNESS
take a calm walk for 20 minutes,MINDFULNESS
take a calm walk for one hour,MINDFULNESS
take a calm walk this week,MINDFULNESS
take a calm walk tomorrow,MINDFULNESS
take a calm walk in the morning,MINDFULNESS
write three grateful things,MINDFULNESS
write three grateful things today,MINDFULNESS
write three grateful things this evening,MINDFULNESS
write three grateful things before work,MINDFULNESS
write three grateful things after lunch,MINDFULNESS
write three grateful things for 20 minutes,MINDFULNESS
write three grateful things for one hour,MINDFULNESS
write three grateful things this week,MINDFULNESS
write three grateful things tomorrow,MINDFULNESS
write three grateful things in the morning,MINDFULNESS
have a no phone break,MINDFULNESS
have a no phone break today,MINDFULNESS
have a no phone break this evening,MINDFULNESS
have a no phone break before work,MINDFULNESS
have a no phone break after lunch,MINDFULNESS
have a no phone break for 20 minutes,MINDFULNESS
have a no phone break for one hour,MINDFULNESS
have a no phone break this week,MINDFULNESS
have a no phone break tomorrow,MINDFULNESS
have a no phone break in the morning,MINDFULNESS
practice body scan,MINDFULNESS
practice body scan today,MINDFULNESS
practice body scan this evening,MINDFULNESS
practice body scan before work,MINDFULNESS
practice body scan after lunch,MINDFULNESS
practice body scan for 20 minutes,MINDFULNESS
practice body scan for one hour,MINDFULNESS
practice body scan this week,MINDFULNESS
practice body scan tomorrow,MINDFULNESS
practice body scan in the morning,MINDFULNESS
sleep before eleven,REST
sleep before eleven today,REST
sleep before eleven this evening,REST
sleep before eleven before work,REST
sleep before eleven after lunch,REST
sleep before eleven for 20 minutes,REST
sleep before eleven for one hour,REST
sleep before eleven this week,REST
sleep before eleven tomorrow,REST
sleep before eleven in the morning,REST
wake at seven,REST
wake at seven today,REST
wake at seven this evening,REST
wake at seven before work,REST
wake at seven after lunch,REST
wake at seven for 20 minutes,REST
wake at seven for one hour,REST
wake at seven this week,REST
wake at seven tomorrow,REST
wake at seven in the morning,REST
clean my room,REST
clean my room today,REST
clean my room this evening,REST
clean my room before work,REST
clean my room after lunch,REST
clean my room for 20 minutes,REST
clean my room for one hour,REST
clean my room this week,REST
clean my room tomorrow,REST
clean my room in the morning,REST
do laundry,REST
do laundry today,REST
do laundry this evening,REST
do laundry before work,REST
do laundry after lunch,REST
do laundry for 20 minutes,REST
do laundry for one hour,REST
do laundry this week,REST
do laundry tomorrow,REST
do laundry in the morning,REST
prepare clothes for tomorrow,REST
prepare clothes for tomorrow today,REST
prepare clothes for tomorrow this evening,REST
prepare clothes for tomorrow before work,REST
prepare clothes for tomorrow after lunch,REST
prepare clothes for tomorrow for 20 minutes,REST
prepare clothes for tomorrow for one hour,REST
prepare clothes for tomorrow this week,REST
prepare clothes for tomorrow tomorrow,REST
prepare clothes for tomorrow in the morning,REST
tidy my desk,REST
tidy my desk today,REST
tidy my desk this evening,REST
tidy my desk before work,REST
tidy my desk after lunch,REST
tidy my desk for 20 minutes,REST
tidy my desk for one hour,REST
tidy my desk this week,REST
tidy my desk tomorrow,REST
tidy my desk in the morning,REST
follow bedtime routine,REST
follow bedtime routine today,REST
follow bedtime routine this evening,REST
follow bedtime routine before work,REST
follow bedtime routine after lunch,REST
follow bedtime routine for 20 minutes,REST
follow bedtime routine for one hour,REST
follow bedtime routine this week,REST
follow bedtime routine tomorrow,REST
follow bedtime routine in the morning,REST
take a proper rest,REST
take a proper rest today,REST
take a proper rest this evening,REST
take a proper rest before work,REST
take a proper rest after lunch,REST
take a proper rest for 20 minutes,REST
take a proper rest for one hour,REST
take a proper rest this week,REST
take a proper rest tomorrow,REST
take a proper rest in the morning,REST
organize my room,REST
organize my room today,REST
organize my room this evening,REST
organize my room before work,REST
organize my room after lunch,REST
organize my room for 20 minutes,REST
organize my room for one hour,REST
organize my room this week,REST
organize my room tomorrow,REST
organize my room in the morning,REST
wind down before bed,REST
wind down before bed today,REST
wind down before bed this evening,REST
wind down before bed before work,REST
wind down before bed after lunch,REST
wind down before bed for 20 minutes,REST
wind down before bed for one hour,REST
wind down before bed this week,REST
wind down before bed tomorrow,REST
wind down before bed in the morning,REST
read system design chapter,LEARNING
read system design chapter today,LEARNING
read system design chapter this evening,LEARNING
read system design chapter before work,LEARNING
read system design chapter after lunch,LEARNING
read system design chapter for 20 minutes,LEARNING
read system design chapter for one hour,LEARNING
read system design chapter this week,LEARNING
read system design chapter tomorrow,LEARNING
read system design chapter in the morning,LEARNING
solve leetcode,LEARNING
solve leetcode today,LEARNING
solve leetcode this evening,LEARNING
solve leetcode before work,LEARNING
solve leetcode after lunch,LEARNING
solve leetcode for 20 minutes,LEARNING
solve leetcode for one hour,LEARNING
solve leetcode this week,LEARNING
solve leetcode tomorrow,LEARNING
solve leetcode in the morning,LEARNING
study django,LEARNING
study django today,LEARNING
study django this evening,LEARNING
study django before work,LEARNING
study django after lunch,LEARNING
study django for 20 minutes,LEARNING
study django for one hour,LEARNING
study django this week,LEARNING
study django tomorrow,LEARNING
study django in the morning,LEARNING
learn machine learning,LEARNING
learn machine learning today,LEARNING
learn machine learning this evening,LEARNING
learn machine learning before work,LEARNING
learn machine learning after lunch,LEARNING
learn machine learning for 20 minutes,LEARNING
learn machine learning for one hour,LEARNING
learn machine learning this week,LEARNING
learn machine learning tomorrow,LEARNING
learn machine learning in the morning,LEARNING
read a research paper,LEARNING
read a research paper today,LEARNING
read a research paper this evening,LEARNING
read a research paper before work,LEARNING
read a research paper after lunch,LEARNING
read a research paper for 20 minutes,LEARNING
read a research paper for one hour,LEARNING
read a research paper this week,LEARNING
read a research paper tomorrow,LEARNING
read a research paper in the morning,LEARNING
practice sql,LEARNING
practice sql today,LEARNING
practice sql this evening,LEARNING
practice sql before work,LEARNING
practice sql after lunch,LEARNING
practice sql for 20 minutes,LEARNING
practice sql for one hour,LEARNING
practice sql this week,LEARNING
practice sql tomorrow,LEARNING
practice sql in the morning,LEARNING
watch a course lesson,LEARNING
watch a course lesson today,LEARNING
watch a course lesson this evening,LEARNING
watch a course lesson before work,LEARNING
watch a course lesson after lunch,LEARNING
watch a course lesson for 20 minutes,LEARNING
watch a course lesson for one hour,LEARNING
watch a course lesson this week,LEARNING
watch a course lesson tomorrow,LEARNING
watch a course lesson in the morning,LEARNING
revise data structures,LEARNING
revise data structures today,LEARNING
revise data structures this evening,LEARNING
revise data structures before work,LEARNING
revise data structures after lunch,LEARNING
revise data structures for 20 minutes,LEARNING
revise data structures for one hour,LEARNING
revise data structures this week,LEARNING
revise data structures tomorrow,LEARNING
revise data structures in the morning,LEARNING
learn react hooks,LEARNING
learn react hooks today,LEARNING
learn react hooks this evening,LEARNING
learn react hooks before work,LEARNING
learn react hooks after lunch,LEARNING
learn react hooks for 20 minutes,LEARNING
learn react hooks for one hour,LEARNING
learn react hooks this week,LEARNING
learn react hooks tomorrow,LEARNING
learn react hooks in the morning,LEARNING
study python,LEARNING
study python today,LEARNING
study python this evening,LEARNING
study python before work,LEARNING
study python after lunch,LEARNING
study python for 20 minutes,LEARNING
study python for one hour,LEARNING
study python this week,LEARNING
study python tomorrow,LEARNING
study python in the morning,LEARNING
apply for jobs,CAREER
apply for jobs today,CAREER
apply for jobs this evening,CAREER
apply for jobs before work,CAREER
apply for jobs after lunch,CAREER
apply for jobs for 20 minutes,CAREER
apply for jobs for one hour,CAREER
apply for jobs this week,CAREER
apply for jobs tomorrow,CAREER
apply for jobs in the morning,CAREER
update my resume,CAREER
update my resume today,CAREER
update my resume this evening,CAREER
update my resume before work,CAREER
update my resume after lunch,CAREER
update my resume for 20 minutes,CAREER
update my resume for one hour,CAREER
update my resume this week,CAREER
update my resume tomorrow,CAREER
update my resume in the morning,CAREER
build portfolio,CAREER
build portfolio today,CAREER
build portfolio this evening,CAREER
build portfolio before work,CAREER
build portfolio after lunch,CAREER
build portfolio for 20 minutes,CAREER
build portfolio for one hour,CAREER
build portfolio this week,CAREER
build portfolio tomorrow,CAREER
build portfolio in the morning,CAREER
prepare for interview,CAREER
prepare for interview today,CAREER
prepare for interview this evening,CAREER
prepare for interview before work,CAREER
prepare for interview after lunch,CAREER
prepare for interview for 20 minutes,CAREER
prepare for interview for one hour,CAREER
prepare for interview this week,CAREER
prepare for interview tomorrow,CAREER
prepare for interview in the morning,CAREER
complete project deployment,CAREER
complete project deployment today,CAREER
complete project deployment this evening,CAREER
complete project deployment before work,CAREER
complete project deployment after lunch,CAREER
complete project deployment for 20 minutes,CAREER
complete project deployment for one hour,CAREER
complete project deployment this week,CAREER
complete project deployment tomorrow,CAREER
complete project deployment in the morning,CAREER
send job application,CAREER
send job application today,CAREER
send job application this evening,CAREER
send job application before work,CAREER
send job application after lunch,CAREER
send job application for 20 minutes,CAREER
send job application for one hour,CAREER
send job application this week,CAREER
send job application tomorrow,CAREER
send job application in the morning,CAREER
practice aptitude for placement,CAREER
practice aptitude for placement today,CAREER
practice aptitude for placement this evening,CAREER
practice aptitude for placement before work,CAREER
practice aptitude for placement after lunch,CAREER
practice aptitude for placement for 20 minutes,CAREER
practice aptitude for placement for one hour,CAREER
practice aptitude for placement this week,CAREER
practice aptitude for placement tomorrow,CAREER
practice aptitude for placement in the morning,CAREER
work on linkedin profile,CAREER
work on linkedin profile today,CAREER
work on linkedin profile this evening,CAREER
work on linkedin profile before work,CAREER
work on linkedin profile after lunch,CAREER
work on linkedin profile for 20 minutes,CAREER
work on linkedin profile for one hour,CAREER
work on linkedin profile this week,CAREER
work on linkedin profile tomorrow,CAREER
work on linkedin profile in the morning,CAREER
prepare system design interview,CAREER
prepare system design interview today,CAREER
prepare system design interview this evening,CAREER
prepare system design interview before work,CAREER
prepare system design interview after lunch,CAREER
prepare system design interview for 20 minutes,CAREER
prepare system design interview for one hour,CAREER
prepare system design interview this week,CAREER
prepare system design interview tomorrow,CAREER
prepare system design interview in the morning,CAREER
finish portfolio api,CAREER
finish portfolio api today,CAREER
finish portfolio api this evening,CAREER
finish portfolio api before work,CAREER
finish portfolio api after lunch,CAREER
finish portfolio api for 20 minutes,CAREER
finish portfolio api for one hour,CAREER
finish portfolio api this week,CAREER
finish portfolio api tomorrow,CAREER
finish portfolio api in the morning,CAREER
pay electricity bill,LIFE_ADMIN
pay electricity bill today,LIFE_ADMIN
pay electricity bill this evening,LIFE_ADMIN
pay electricity bill before work,LIFE_ADMIN
pay electricity bill after lunch,LIFE_ADMIN
pay electricity bill for 20 minutes,LIFE_ADMIN
pay electricity bill for one hour,LIFE_ADMIN
pay electricity bill this week,LIFE_ADMIN
pay electricity bill tomorrow,LIFE_ADMIN
pay electricity bill in the morning,LIFE_ADMIN
buy groceries,LIFE_ADMIN
buy groceries today,LIFE_ADMIN
buy groceries this evening,LIFE_ADMIN
buy groceries before work,LIFE_ADMIN
buy groceries after lunch,LIFE_ADMIN
buy groceries for 20 minutes,LIFE_ADMIN
buy groceries for one hour,LIFE_ADMIN
buy groceries this week,LIFE_ADMIN
buy groceries tomorrow,LIFE_ADMIN
buy groceries in the morning,LIFE_ADMIN
recharge phone,LIFE_ADMIN
recharge phone today,LIFE_ADMIN
recharge phone this evening,LIFE_ADMIN
recharge phone before work,LIFE_ADMIN
recharge phone after lunch,LIFE_ADMIN
recharge phone for 20 minutes,LIFE_ADMIN
recharge phone for one hour,LIFE_ADMIN
recharge phone this week,LIFE_ADMIN
recharge phone tomorrow,LIFE_ADMIN
recharge phone in the morning,LIFE_ADMIN
submit a form,LIFE_ADMIN
submit a form today,LIFE_ADMIN
submit a form this evening,LIFE_ADMIN
submit a form before work,LIFE_ADMIN
submit a form after lunch,LIFE_ADMIN
submit a form for 20 minutes,LIFE_ADMIN
submit a form for one hour,LIFE_ADMIN
submit a form this week,LIFE_ADMIN
submit a form tomorrow,LIFE_ADMIN
submit a form in the morning,LIFE_ADMIN
book tickets,LIFE_ADMIN
book tickets today,LIFE_ADMIN
book tickets this evening,LIFE_ADMIN
book tickets before work,LIFE_ADMIN
book tickets after lunch,LIFE_ADMIN
book tickets for 20 minutes,LIFE_ADMIN
book tickets for one hour,LIFE_ADMIN
book tickets this week,LIFE_ADMIN
book tickets tomorrow,LIFE_ADMIN
book tickets in the morning,LIFE_ADMIN
fix laptop,LIFE_ADMIN
fix laptop today,LIFE_ADMIN
fix laptop this evening,LIFE_ADMIN
fix laptop before work,LIFE_ADMIN
fix laptop after lunch,LIFE_ADMIN
fix laptop for 20 minutes,LIFE_ADMIN
fix laptop for one hour,LIFE_ADMIN
fix laptop this week,LIFE_ADMIN
fix laptop tomorrow,LIFE_ADMIN
fix laptop in the morning,LIFE_ADMIN
renew subscription,LIFE_ADMIN
renew subscription today,LIFE_ADMIN
renew subscription this evening,LIFE_ADMIN
renew subscription before work,LIFE_ADMIN
renew subscription after lunch,LIFE_ADMIN
renew subscription for 20 minutes,LIFE_ADMIN
renew subscription for one hour,LIFE_ADMIN
renew subscription this week,LIFE_ADMIN
renew subscription tomorrow,LIFE_ADMIN
renew subscription in the morning,LIFE_ADMIN
schedule appointment,LIFE_ADMIN
schedule appointment today,LIFE_ADMIN
schedule appointment this evening,LIFE_ADMIN
schedule appointment before work,LIFE_ADMIN
schedule appointment after lunch,LIFE_ADMIN
schedule appointment for 20 minutes,LIFE_ADMIN
schedule appointment for one hour,LIFE_ADMIN
schedule appointment this week,LIFE_ADMIN
schedule appointment tomorrow,LIFE_ADMIN
schedule appointment in the morning,LIFE_ADMIN
clean email inbox,LIFE_ADMIN
clean email inbox today,LIFE_ADMIN
clean email inbox this evening,LIFE_ADMIN
clean email inbox before work,LIFE_ADMIN
clean email inbox after lunch,LIFE_ADMIN
clean email inbox for 20 minutes,LIFE_ADMIN
clean email inbox for one hour,LIFE_ADMIN
clean email inbox this week,LIFE_ADMIN
clean email inbox tomorrow,LIFE_ADMIN
clean email inbox in the morning,LIFE_ADMIN
pay internet bill,LIFE_ADMIN
pay internet bill today,LIFE_ADMIN
pay internet bill this evening,LIFE_ADMIN
pay internet bill before work,LIFE_ADMIN
pay internet bill after lunch,LIFE_ADMIN
pay internet bill for 20 minutes,LIFE_ADMIN
pay internet bill for one hour,LIFE_ADMIN
pay internet bill this week,LIFE_ADMIN
pay internet bill tomorrow,LIFE_ADMIN
pay internet bill in the morning,LIFE_ADMIN
wake up early,PERSONAL_GROWTH
wake up at 6am,PERSONAL_GROWTH
wake up early today,PERSONAL_GROWTH
read self help book,PERSONAL_GROWTH
reflect on my day,PERSONAL_GROWTH
call mom,RELATIONSHIPS
call dad,RELATIONSHIPS
date night,RELATIONSHIPS
hangout with colleagues,RELATIONSHIPS
reply to emails from friends,RELATIONSHIPS
buy a gift for friend,RELATIONSHIPS
write blog post,CREATIVITY
practice guitar,CREATIVITY
paint a picture,CREATIVITY
draw in sketchbook,CREATIVITY
edit video,CREATIVITY
brainstorm ideas,CREATIVITY
go to gym,HEALTH
drink water,HEALTH
eat vegetables,HEALTH
run 5k,HEALTH
stretch,HEALTH
lift weights,HEALTH
meditate for 10 minutes,MINDFULNESS
breathwork session,MINDFULNESS
gratitude journal,MINDFULNESS
digital detox,MINDFULNESS
sleep 8 hours,REST
take a nap,REST
wind down,REST
relax on couch,REST
take a break,REST
study for exam,LEARNING
read textbook,LEARNING
watch tutorial,LEARNING
practice coding,LEARNING
learn spanish,LEARNING
update resume,CAREER
apply for jobs,CAREER
finish project,CAREER
meeting with boss,CAREER
code review,CAREER
pay bills,LIFE_ADMIN
grocery shopping,LIFE_ADMIN
clean house,LIFE_ADMIN
do laundry,LIFE_ADMIN
take out trash,LIFE_ADMIN
vacuum the floor,LIFE_ADMIN
mow the lawn,LIFE_ADMIN
walk the dog,HEALTH
feed the dog,LIFE_ADMIN
do yoga,HEALTH
watch a movie,REST
watch movies,REST
watch netflix,REST
play video games,REST
play games,REST
watch anime,REST
watch tv,REST
go to the cinema,REST
watch youtube,REST
binge watch a series,REST
